<?xml version="1.0" encoding="UTF-8"?>
<info version="1.1">
  <general>
    <createDate>2014-11-17T15:48:25</createDate>
    <changeDate>2024-06-19T13:51:18</changeDate>
    <schema>iso19139</schema>
    <isTemplate>n</isTemplate>
    <localId>22197</localId>
    <format>full</format>
    <rating>0</rating>
    <popularity>1772</popularity>
    <uuid>e0ea7cf0-19ac-4888-b89e-ff80fff898bf</uuid>
    <siteId>c7aada17-32ab-4b62-95fb-94abff3bfe75</siteId>
    <siteName>Catálogo de Metadados Geográficos</siteName>
  </general>
  <categories />
  <privileges>
    <group name="intranet">
      <operation name="view" />
      <operation name="download" />
      <operation name="dynamic" />
      <operation name="featured" />
      <operation name="notify" />
    </group>
    <group name="all">
      <operation name="view" />
      <operation name="download" />
      <operation name="dynamic" />
      <operation name="featured" />
      <operation name="notify" />
    </group>
  </privileges>
  <public />
  <private />
</info>

